Order Failure Reasons,Responsible Team,Whom to Assign,Reason
Order Failed to Process in OCI. Check in OCI for Failure Reason (ERROR_MSG=Solution: null),OMCS,C Ganesan,
Setup : Validation failed for Payment term for Payterm : &PAYTERM and Paycode : &PAYCODE (PAYMENT_TERM_CODE=31150) (PAY_CODE=R),OMEGA,Sangeeta Selvaraj,Invalid Payment Type combination
Setup : Validation failed for Payment term for Payterm : &PAYTERM and Paycode : &PAYCODE (PAYMENT_TERM_CODE=1020) (PAY_CODE=O),OMEGA,Sangeeta Selvaraj,
Setup : Validation failed for Payment term for Payterm : &PAYTERM and Paycode : &PAYCODE (PAYMENT_TERM_CODE=1020) (PAY_CODE=O),OMEGA,Sangeeta Selvaraj,
Setup : Validation failed for Payment term for Payterm : &PAYTERM and Paycode : &PAYCODE (PAYMENT_TERM_CODE=1020) (PAY_CODE=O),OMEGA,Sangeeta Selvaraj,
Setup : Validation failed for Payment term for Payterm : &PAYTERM and Paycode : &PAYCODE (PAYMENT_TERM_CODE=1020) (PAY_CODE=O),OMEGA,Sangeeta Selvaraj,
Setup : Validation failed for Payment term for Payterm : &PAYTERM and Paycode : &PAYCODE (PAYMENT_TERM_CODE=1020) (PAY_CODE=O),OMEGA,Sangeeta Selvaraj,
"Order Failed to Process in OCI. Check in OCI for Failure Reason (ERROR_MSG=LOB: 500 Internal Server Error: ""{""GetLobServiceRequest"":{""OrderHeader"":{""OrderNumber"":""293827828"",""DPID"":""2000000717791"",""QuoteNumber"":"""",""AssociatedOrderNumber"":"""",""OrderTotal"":""5489.4"",""BUID"":""11"",""OrderSource"":""GCM_DP"",""GIIOrderNumber"":"""",""GIIOrgID"":)",OMCS,C Ganesan,
"Order Failed to Process in OCI. Check in OCI for Failure Reason (ERROR_MSG=LOB: 500 Internal Server Error: ""{""GetLobServiceRequest"":{""OrderHeader"":{""OrderNumber"":""293827810"",""DPID"":""2000000717791"",""QuoteNumber"":"""",""AssociatedOrderNumber"":"""",""OrderTotal"":""1894.93"",""BUID"":""11"",""OrderSource"":""GCM_DP"",""GIIOrderNumber"":"""",""GIIOrgID"")",OMCS,C Ganesan,
"Order Failed to Process in OCI. Check in OCI for Failure Reason (ERROR_MSG=LOB: 500 Internal Server Error: ""{""GetLobServiceRequest"":{""OrderHeader"":{""OrderNumber"":""293799795"",""DPID"":""2000000523710"",""QuoteNumber"":"""",""AssociatedOrderNumber"":"""",""OrderTotal"":""7564.2"",""BUID"":""11"",""OrderSource"":""GCM_DP"",""GIIOrderNumber"":"""",""GIIOrgID"":)",OMCS,C Ganesan,
"Order Failed to Process in OCI. Check in OCI for Failure Reason (ERROR_MSG=LOB: 500 Internal Server Error: ""{""GetLobServiceRequest"":{""OrderHeader"":{""OrderNumber"":""740121994"",""DPID"":""7040000399373"",""QuoteNumber"":"""",""AssociatedOrderNumber"":"""",""OrderTotal"":""11172.56"",""BUID"":""202"",""OrderSource"":""GCM_DP"",""GIIOrderNumber"":"""",""GIIOrgI)",OMCS,C Ganesan,
Order Failed to Process in OCI. Check in OCI for Failure Reason (ERROR_MSG=Order Failed to Process in ABACUS. Check in ABACUS for Failure Reason (GSCM.omreliability.trx@dell.com)),ABACUS,GAYATHRI,
Order Failed to Process in OCI. Check in OCI for Failure Reason (ERROR_MSG='Order Failed to Process in ABACUS. Check in ABACUS for Failure Reason (GSCM.omreliability.trx@dell.com)'),ABACUS,GAYATHRI,
Order Failed to Process in OCI. Check in OCI for Failure Reason (ERROR_MSG='Order Failed to Process in ABACUS. Check in ABACUS for Failure Reason (GSCM.omreliability.trx@dell.com)'),ABACUS,GAYATHRI,
Order Failed to Process in OCI. Check in OCI for Failure Reason (ERROR_MSG='Order Failed to Process in ABACUS. Check in ABACUS for Failure Reason (GSCM.omreliability.trx@dell.com)'),ABACUS,GAYATHRI,
Order Failed to Process in OCI. Check in OCI for Failure Reason (ERROR_MSG='Order Failed to Process in ABACUS. Check in ABACUS for Failure Reason (GSCM.omreliability.trx@dell.com)'),ABACUS,GAYATHRI,
Order Failed to Process in OCI. Check in OCI for Failure Reason (ERROR_MSG='Order Failed to Process in ABACUS. Check in ABACUS for Failure Reason (GSCM.omreliability.trx@dell.com)'),ABACUS,GAYATHRI,
Order Failed to Process in OCI. Check in OCI for Failure Reason (ERROR_MSG='Order Failed to Process in ABACUS. Check in ABACUS for Failure Reason (GSCM.omreliability.trx@dell.com)'),ABACUS,GAYATHRI,
Order Failed to Process in OCI. Check in OCI for Failure Reason (ERROR_MSG='Order Failed to Process in ABACUS. Check in ABACUS for Failure Reason (GSCM.omreliability.trx@dell.com)'),ABACUS,GAYATHRI,
Order Failed to Process in OCI. Check in OCI for Failure Reason (ERROR_MSG='Order Failed to Process in ABACUS. Check in ABACUS for Failure Reason (GSCM.omreliability.trx@dell.com)'),ABACUS,GAYATHRI,
Order Failed to Process in OCI. Check in OCI for Failure Reason (ERROR_MSG='Order Failed to Process in ABACUS. Check in ABACUS for Failure Reason (GSCM.omreliability.trx@dell.com)'),ABACUS,GAYATHRI,
"Order Failed to Process in OCI. Check in OCI for Failure Reason (ERROR_MSG=LOB: 500 Internal Server Error: ""{""GetLobServiceRequest"":{""OrderHeader"":{""OrderNumber"":""293799795"",""DPID"":""2000000523710"",""QuoteNumber"":"""",""AssociatedOrderNumber"":"""",""OrderTotal"":""7564.2"",""BUID"":""11"",""OrderSource"":""GCM_DP"",""GIIOrderNumber"":"""",""GIIOrgID"":)",ABACUS,GAYATHRI,
"Order Failed to Process in OCI. Check in OCI for Failure Reason (ERROR_MSG=LOB: 500 Internal Server Error: ""{""GetLobServiceRequest"":{""OrderHeader"":{""OrderNumber"":""740121994"",""DPID"":""7040000399373"",""QuoteNumber"":"""",""AssociatedOrderNumber"":"""",""OrderTotal"":""11172.56"",""BUID"":""202"",""OrderSource"":""GCM_DP"",""GIIOrderNumber"":"""",""GIIOrgI)",ABACUS,GAYATHRI,
Order Failed to Process in OCI. Check in OCI for Failure Reason (ERROR_MSG='Order Failed to Process in ABACUS. Check in ABACUS for Failure Reason (GSCM.omreliability.trx@dell.com)'),ABACUS,GAYATHRI,
Order Failed to Process in OCI. Check in OCI for Failure Reason (ERROR_MSG='Order Failed to Process in ABACUS. Check in ABACUS for Failure Reason (GSCM.omreliability.trx@dell.com)'),ABACUS,GAYATHRI,
Order Failed to Process in OCI. Check in OCI for Failure Reason (ERROR_MSG='Order Failed to Process in ABACUS. Check in ABACUS for Failure Reason (GSCM.omreliability.trx@dell.com)'),ABACUS,GAYATHRI,
Order Failed to Process in OCI. Check in OCI for Failure Reason (ERROR_MSG='Order Failed to Process in ABACUS. Check in ABACUS for Failure Reason (GSCM.omreliability.trx@dell.com)'),ABACUS,GAYATHRI,
Order Failed to Process in OCI. Check in OCI for Failure Reason (ERROR_MSG='Order Failed to Process in ABACUS. Check in ABACUS for Failure Reason (GSCM.omreliability.trx@dell.com)'),ABACUS,GAYATHRI,
Order Failed to Process in OCI. Check in OCI for Failure Reason (ERROR_MSG='Order Failed to Process in ABACUS. Check in ABACUS for Failure Reason (GSCM.omreliability.trx@dell.com)'),ABACUS,GAYATHRI,
Order Failed to Process in OCI. Check in OCI for Failure Reason (ERROR_MSG='Order Failed to Process in ABACUS. Check in ABACUS for Failure Reason (GSCM.omreliability.trx@dell.com)'),ABACUS,GAYATHRI,
Order Failed to Process in OCI. Check in OCI for Failure Reason (ERROR_MSG='Order Failed to Process in ABACUS. Check in ABACUS for Failure Reason (GSCM.omreliability.trx@dell.com)'),ABACUS,GAYATHRI,
Order Failed to Process in OCI. Check in OCI for Failure Reason (ERROR_MSG='Order Failed to Process in ABACUS. Check in ABACUS for Failure Reason (GSCM.omreliability.trx@dell.com)'),ABACUS,GAYATHRI,
Order Failed to Process in OCI. Check in OCI for Failure Reason (ERROR_MSG='Order Failed to Process in ABACUS. Check in ABACUS for Failure Reason (GSCM.omreliability.trx@dell.com)'),ABACUS,GAYATHRI,
Order Failed to Process in OCI. Check in OCI for Failure Reason (ERROR_MSG='Order Failed to Process in ABACUS. Check in ABACUS for Failure Reason (GSCM.omreliability.trx@dell.com)'),ABACUS,GAYATHRI,
Order Failed to Process in OCI. Check in OCI for Failure Reason (ERROR_MSG='Order Failed to Process in ABACUS. Check in ABACUS for Failure Reason (GSCM.omreliability.trx@dell.com)'),ABACUS,GAYATHRI,
Order Failed to Process in OCI. Check in OCI for Failure Reason (ERROR_MSG='Order Failed to Process in ABACUS. Check in ABACUS for Failure Reason (GSCM.omreliability.trx@dell.com)'),ABACUS,GAYATHRI,
Order Failed to Process in OCI. Check in OCI for Failure Reason (ERROR_MSG='Order Failed to Process in ABACUS. Check in ABACUS for Failure Reason (GSCM.omreliability.trx@dell.com)'),ABACUS,GAYATHRI,
Order Failed to Process in OCI. Check in OCI for Failure Reason (ERROR_MSG='Order Failed to Process in ABACUS. Check in ABACUS for Failure Reason (GSCM.omreliability.trx@dell.com)'),ABACUS,GAYATHRI,
Order Failed to Process in OCI. Check in OCI for Failure Reason (ERROR_MSG='Order Failed to Process in ABACUS. Check in ABACUS for Failure Reason (GSCM.omreliability.trx@dell.com)'),ABACUS,GAYATHRI,
Order Failed to Process in OCI. Check in OCI for Failure Reason (ERROR_MSG='Order Failed to Process in ABACUS. Check in ABACUS for Failure Reason (GSCM.omreliability.trx@dell.com)'),ABACUS,GAYATHRI,
Order Failed to Process in OCI. Check in OCI for Failure Reason (ERROR_MSG='Order Failed to Process in ABACUS. Check in ABACUS for Failure Reason (GSCM.omreliability.trx@dell.com)'),ABACUS,GAYATHRI,
Order Failed to Process in OCI. Check in OCI for Failure Reason (ERROR_MSG='Order Failed to Process in ABACUS. Check in ABACUS for Failure Reason (GSCM.omreliability.trx@dell.com)'),ABACUS,GAYATHRI,
Order Failed to Process in OCI. Check in OCI for Failure Reason (ERROR_MSG='Order Failed to Process in ABACUS. Check in ABACUS for Failure Reason (GSCM.omreliability.trx@dell.com)'),ABACUS,GAYATHRI,
Order Failed to Process in OCI. Check in OCI for Failure Reason (ERROR_MSG='Order Failed to Process in ABACUS. Check in ABACUS for Failure Reason (GSCM.omreliability.trx@dell.com)'),ABACUS,GAYATHRI,
Order Failed to Process in OCI. Check in OCI for Failure Reason (ERROR_MSG='Order Failed to Process in ABACUS. Check in ABACUS for Failure Reason (GSCM.omreliability.trx@dell.com)'),ABACUS,GAYATHRI,
Order Failed to Process in OCI. Check in OCI for Failure Reason (ERROR_MSG='Order Failed to Process in ABACUS. Check in ABACUS for Failure Reason (GSCM.omreliability.trx@dell.com)'),ABACUS,GAYATHRI,
Order Failed to Process in OCI. Check in OCI for Failure Reason (ERROR_MSG='Order Failed to Process in ABACUS. Check in ABACUS for Failure Reason (GSCM.omreliability.trx@dell.com)'),ABACUS,GAYATHRI,
Order Failed to Process in OCI. Check in OCI for Failure Reason (ERROR_MSG='Order Failed to Process in ABACUS. Check in ABACUS for Failure Reason (GSCM.omreliability.trx@dell.com)'),ABACUS,GAYATHRI,
Order Failed to Process in OCI. Check in OCI for Failure Reason (ERROR_MSG='Order Failed to Process in ABACUS. Check in ABACUS for Failure Reason (GSCM.omreliability.trx@dell.com)'),ABACUS,GAYATHRI,
Order Failed to Process in OCI. Check in OCI for Failure Reason (ERROR_MSG='Order Failed to Process in ABACUS. Check in ABACUS for Failure Reason (GSCM.omreliability.trx@dell.com)'),ABACUS,GAYATHRI,
Order Failed to Process in OCI. Check in OCI for Failure Reason (ERROR_MSG='Order Failed to Process in ABACUS. Check in ABACUS for Failure Reason (GSCM.omreliability.trx@dell.com)'),ABACUS,GAYATHRI,
Order Failed to Process in OCI. Check in OCI for Failure Reason (ERROR_MSG='Order Failed to Process in ABACUS. Check in ABACUS for Failure Reason (GSCM.omreliability.trx@dell.com)'),ABACUS,GAYATHRI,
Order Failed to Process in OCI. Check in OCI for Failure Reason (ERROR_MSG='Order Failed to Process in ABACUS. Check in ABACUS for Failure Reason (GSCM.omreliability.trx@dell.com)'),ABACUS,GAYATHRI,
Order Failed to Process in OCI. Check in OCI for Failure Reason (ERROR_MSG='Order Failed to Process in ABACUS. Check in ABACUS for Failure Reason (GSCM.omreliability.trx@dell.com)'),ABACUS,GAYATHRI,
Order Failed to Process in OCI. Check in OCI for Failure Reason (ERROR_MSG='Order Failed to Process in ABACUS. Check in ABACUS for Failure Reason (GSCM.omreliability.trx@dell.com)'),ABACUS,GAYATHRI,
Order Failed to Process in OCI. Check in OCI for Failure Reason (ERROR_MSG='Order Failed to Process in ABACUS. Check in ABACUS for Failure Reason (GSCM.omreliability.trx@dell.com)'),ABACUS,GAYATHRI,
Order Failed to Process in OCI. Check in OCI for Failure Reason (ERROR_MSG='Order Failed to Process in ABACUS. Check in ABACUS for Failure Reason (GSCM.omreliability.trx@dell.com)'),ABACUS,GAYATHRI,
Order Failed to Process in OCI. Check in OCI for Failure Reason (ERROR_MSG='Order Failed to Process in ABACUS. Check in ABACUS for Failure Reason (GSCM.omreliability.trx@dell.com)'),ABACUS,GAYATHRI,
Order Failed to Process in OCI. Check in OCI for Failure Reason (ERROR_MSG='Order Failed to Process in ABACUS. Check in ABACUS for Failure Reason (GSCM.omreliability.trx@dell.com)'),ABACUS,GAYATHRI,
Order Failed to Process in OCI. Check in OCI for Failure Reason (ERROR_MSG='Order Failed to Process in ABACUS. Check in ABACUS for Failure Reason (GSCM.omreliability.trx@dell.com)'),ABACUS,GAYATHRI,
Order Failed to Process in OCI. Check in OCI for Failure Reason (ERROR_MSG='Order Failed to Process in ABACUS. Check in ABACUS for Failure Reason (GSCM.omreliability.trx@dell.com)'),ABACUS,GAYATHRI,
Order Failed to Process in OCI. Check in OCI for Failure Reason (ERROR_MSG='Order Failed to Process in ABACUS. Check in ABACUS for Failure Reason (GSCM.omreliability.trx@dell.com)'),ABACUS,GAYATHRI,
Order Failed to Process in OCI. Check in OCI for Failure Reason (ERROR_MSG='Order Failed to Process in ABACUS. Check in ABACUS for Failure Reason (GSCM.omreliability.trx@dell.com)'),ABACUS,GAYATHRI,
Order Failed to Process in OCI. Check in OCI for Failure Reason (ERROR_MSG='Order Failed to Process in ABACUS. Check in ABACUS for Failure Reason (GSCM.omreliability.trx@dell.com)'),ABACUS,GAYATHRI,
Order Failed to Process in OCI. Check in OCI for Failure Reason (ERROR_MSG='Order Failed to Process in ABACUS. Check in ABACUS for Failure Reason (GSCM.omreliability.trx@dell.com)'),ABACUS,GAYATHRI,
Order Failed to Process in OCI. Check in OCI for Failure Reason (ERROR_MSG='Order Failed to Process in ABACUS. Check in ABACUS for Failure Reason (GSCM.omreliability.trx@dell.com)'),ABACUS,GAYATHRI,
Order Failed to Process in OCI. Check in OCI for Failure Reason (ERROR_MSG='Order Failed to Process in ABACUS. Check in ABACUS for Failure Reason (GSCM.omreliability.trx@dell.com)'),ABACUS,GAYATHRI,
Order Failed to Process in OCI. Check in OCI for Failure Reason (ERROR_MSG='Order Failed to Process in ABACUS. Check in ABACUS for Failure Reason (GSCM.omreliability.trx@dell.com)'),ABACUS,GAYATHRI,
Order Failed to Process in OCI. Check in OCI for Failure Reason (ERROR_MSG='Order Failed to Process in ABACUS. Check in ABACUS for Failure Reason (GSCM.omreliability.trx@dell.com)'),ABACUS,GAYATHRI,
Order Failed to Process in OCI. Check in OCI for Failure Reason (ERROR_MSG='Order Failed to Process in ABACUS. Check in ABACUS for Failure Reason (GSCM.omreliability.trx@dell.com)'),ABACUS,GAYATHRI,
Order Failed to Process in OCI. Check in OCI for Failure Reason (ERROR_MSG='Order Failed to Process in ABACUS. Check in ABACUS for Failure Reason (GSCM.omreliability.trx@dell.com)'),ABACUS,GAYATHRI,
Order Failed to Process in OCI. Check in OCI for Failure Reason (ERROR_MSG='Order Failed to Process in ABACUS. Check in ABACUS for Failure Reason (GSCM.omreliability.trx@dell.com)'),ABACUS,GAYATHRI,
Order Failed to Process in OCI. Check in OCI for Failure Reason (ERROR_MSG='Order Failed to Process in ABACUS. Check in ABACUS for Failure Reason (GSCM.omreliability.trx@dell.com)'),ABACUS,GAYATHRI,
Order Failed to Process in OCI. Check in OCI for Failure Reason (ERROR_MSG='Order Failed to Process in ABACUS. Check in ABACUS for Failure Reason (GSCM.omreliability.trx@dell.com)'),ABACUS,GAYATHRI,
Order Failed to Process in OCI. Check in OCI for Failure Reason (ERROR_MSG='Order Failed to Process in ABACUS. Check in ABACUS for Failure Reason (GSCM.omreliability.trx@dell.com)'),ABACUS,GAYATHRI,
Order Failed to Process in OCI. Check in OCI for Failure Reason (ERROR_MSG='Order Failed to Process in ABACUS. Check in ABACUS for Failure Reason (GSCM.omreliability.trx@dell.com)'),ABACUS,GAYATHRI,
Order Failed to Process in OCI. Check in OCI for Failure Reason (ERROR_MSG='Order Failed to Process in ABACUS. Check in ABACUS for Failure Reason (GSCM.omreliability.trx@dell.com)'),ABACUS,GAYATHRI,
Order Failed to Process in OCI. Check in OCI for Failure Reason (ERROR_MSG='Order Failed to Process in ABACUS. Check in ABACUS for Failure Reason (GSCM.omreliability.trx@dell.com)'),ABACUS,GAYATHRI,
Order Failed to Process in OCI. Check in OCI for Failure Reason (ERROR_MSG='Order Failed to Process in ABACUS. Check in ABACUS for Failure Reason (GSCM.omreliability.trx@dell.com)'),ABACUS,GAYATHRI,
Order Failed to Process in OCI. Check in OCI for Failure Reason (ERROR_MSG='Order Failed to Process in ABACUS. Check in ABACUS for Failure Reason (GSCM.omreliability.trx@dell.com)'),ABACUS,GAYATHRI,
Order Failed to Process in OCI. Check in OCI for Failure Reason (ERROR_MSG='Order Failed to Process in ABACUS. Check in ABACUS for Failure Reason (GSCM.omreliability.trx@dell.com)'),ABACUS,GAYATHRI,
Order Failed to Process in OCI. Check in OCI for Failure Reason (ERROR_MSG='Order Failed to Process in ABACUS. Check in ABACUS for Failure Reason (GSCM.omreliability.trx@dell.com)'),ABACUS,GAYATHRI,
Order Failed to Process in OCI. Check in OCI for Failure Reason (ERROR_MSG='Order Failed to Process in ABACUS. Check in ABACUS for Failure Reason (GSCM.omreliability.trx@dell.com)'),ABACUS,GAYATHRI,
Order Failed to Process in OCI. Check in OCI for Failure Reason (ERROR_MSG='Order Failed to Process in ABACUS. Check in ABACUS for Failure Reason (GSCM.omreliability.trx@dell.com)'),ABACUS,GAYATHRI,
Order Failed to Process in OCI. Check in OCI for Failure Reason (ERROR_MSG='Order Failed to Process in ABACUS. Check in ABACUS for Failure Reason (GSCM.omreliability.trx@dell.com)'),ABACUS,GAYATHRI,
Order Failed to Process in OCI. Check in OCI for Failure Reason (ERROR_MSG='Order Failed to Process in ABACUS. Check in ABACUS for Failure Reason (GSCM.omreliability.trx@dell.com)'),ABACUS,GAYATHRI,
Order Failed to Process in OCI. Check in OCI for Failure Reason (ERROR_MSG='Order Failed to Process in ABACUS. Check in ABACUS for Failure Reason (GSCM.omreliability.trx@dell.com)'),ABACUS,GAYATHRI,
Order Failed to Process in OCI. Check in OCI for Failure Reason (ERROR_MSG='Order Failed to Process in ABACUS. Check in ABACUS for Failure Reason (GSCM.omreliability.trx@dell.com)'),ABACUS,GAYATHRI,
Order Failed to Process in OCI. Check in OCI for Failure Reason (ERROR_MSG='Order Failed to Process in ABACUS. Check in ABACUS for Failure Reason (GSCM.omreliability.trx@dell.com)'),ABACUS,GAYATHRI,
Order Failed to Process in OCI. Check in OCI for Failure Reason (ERROR_MSG='Order Failed to Process in ABACUS. Check in ABACUS for Failure Reason (GSCM.omreliability.trx@dell.com)'),ABACUS,GAYATHRI,
Order Failed to Process in OCI. Check in OCI for Failure Reason (ERROR_MSG='Order Failed to Process in ABACUS. Check in ABACUS for Failure Reason (GSCM.omreliability.trx@dell.com)'),ABACUS,GAYATHRI,
Order Failed to Process in OCI. Check in OCI for Failure Reason (ERROR_MSG='Order Failed to Process in ABACUS. Check in ABACUS for Failure Reason (GSCM.omreliability.trx@dell.com)'),ABACUS,GAYATHRI,
Order Failed to Process in OCI. Check in OCI for Failure Reason (ERROR_MSG='Order Failed to Process in ABACUS. Check in ABACUS for Failure Reason (GSCM.omreliability.trx@dell.com)'),ABACUS,GAYATHRI,
Order Failed to Process in OCI. Check in OCI for Failure Reason (ERROR_MSG='Order Failed to Process in ABACUS. Check in ABACUS for Failure Reason (GSCM.omreliability.trx@dell.com)'),ABACUS,GAYATHRI,
Order Failed to Process in OCI. Check in OCI for Failure Reason (ERROR_MSG='Order Failed to Process in ABACUS. Check in ABACUS for Failure Reason (GSCM.omreliability.trx@dell.com)'),ABACUS,GAYATHRI,
Order Failed to Process in OCI. Check in OCI for Failure Reason (ERROR_MSG='Order Failed to Process in ABACUS. Check in ABACUS for Failure Reason (GSCM.omreliability.trx@dell.com)'),ABACUS,GAYATHRI,
Order Failed to Process in OCI. Check in OCI for Failure Reason (ERROR_MSG='Order Failed to Process in ABACUS. Check in ABACUS for Failure Reason (GSCM.omreliability.trx@dell.com)'),ABACUS,GAYATHRI,
Order Failed to Process in OCI. Check in OCI for Failure Reason (ERROR_MSG='Order Failed to Process in ABACUS. Check in ABACUS for Failure Reason (GSCM.omreliability.trx@dell.com)'),ABACUS,GAYATHRI,
Order Failed to Process in OCI. Check in OCI for Failure Reason (ERROR_MSG='Order Failed to Process in ABACUS. Check in ABACUS for Failure Reason (GSCM.omreliability.trx@dell.com)'),ABACUS,GAYATHRI,
Order Failed to Process in OCI. Check in OCI for Failure Reason (ERROR_MSG='Order Failed to Process in ABACUS. Check in ABACUS for Failure Reason (GSCM.omreliability.trx@dell.com)'),ABACUS,GAYATHRI,
Order Failed to Process in OCI. Check in OCI for Failure Reason (ERROR_MSG='Order Failed to Process in ABACUS. Check in ABACUS for Failure Reason (GSCM.omreliability.trx@dell.com)'),ABACUS,GAYATHRI,
Order Failed to Process in OCI. Check in OCI for Failure Reason (ERROR_MSG='Order Failed to Process in ABACUS. Check in ABACUS for Failure Reason (GSCM.omreliability.trx@dell.com)'),ABACUS,GAYATHRI,
Order Failed to Process in OCI. Check in OCI for Failure Reason (ERROR_MSG='Order Failed to Process in ABACUS. Check in ABACUS for Failure Reason (GSCM.omreliability.trx@dell.com)'),ABACUS,GAYATHRI,
Order Failed to Process in OCI. Check in OCI for Failure Reason (ERROR_MSG='Order Failed to Process in ABACUS. Check in ABACUS for Failure Reason (GSCM.omreliability.trx@dell.com)'),ABACUS,GAYATHRI,
Order Failed to Process in OCI. Check in OCI for Failure Reason (ERROR_MSG='Order Failed to Process in ABACUS. Check in ABACUS for Failure Reason (GSCM.omreliability.trx@dell.com)'),ABACUS,GAYATHRI,
Order Failed to Process in OCI. Check in OCI for Failure Reason (ERROR_MSG='Order Failed to Process in ABACUS. Check in ABACUS for Failure Reason (GSCM.omreliability.trx@dell.com)'),ABACUS,GAYATHRI,
Order Failed to Process in OCI. Check in OCI for Failure Reason (ERROR_MSG='Order Failed to Process in ABACUS. Check in ABACUS for Failure Reason (GSCM.omreliability.trx@dell.com)'),ABACUS,GAYATHRI,
Order Failed to Process in OCI. Check in OCI for Failure Reason (ERROR_MSG='Order Failed to Process in ABACUS. Check in ABACUS for Failure Reason (GSCM.omreliability.trx@dell.com)'),ABACUS,GAYATHRI,
Order Failed to Process in OCI. Check in OCI for Failure Reason (ERROR_MSG='Order Failed to Process in ABACUS. Check in ABACUS for Failure Reason (GSCM.omreliability.trx@dell.com)'),ABACUS,GAYATHRI,
Order Failed to Process in OCI. Check in OCI for Failure Reason (ERROR_MSG='Order Failed to Process in ABACUS. Check in ABACUS for Failure Reason (GSCM.omreliability.trx@dell.com)'),ABACUS,GAYATHRI,
Order Failed to Process in OCI. Check in OCI for Failure Reason (ERROR_MSG='Order Failed to Process in ABACUS. Check in ABACUS for Failure Reason (GSCM.omreliability.trx@dell.com)'),ABACUS,GAYATHRI,
Order Failed to Process in OCI. Check in OCI for Failure Reason (ERROR_MSG='Order Failed to Process in ABACUS. Check in ABACUS for Failure Reason (GSCM.omreliability.trx@dell.com)'),ABACUS,GAYATHRI,
Order Failed to Process in OCI. Check in OCI for Failure Reason (ERROR_MSG='Order Failed to Process in ABACUS. Check in ABACUS for Failure Reason (GSCM.omreliability.trx@dell.com)'),ABACUS,GAYATHRI,
Order Failed to Process in OCI. Check in OCI for Failure Reason (ERROR_MSG='Order Failed to Process in ABACUS. Check in ABACUS for Failure Reason (GSCM.omreliability.trx@dell.com)'),ABACUS,GAYATHRI,
Order Failed to Process in OCI. Check in OCI for Failure Reason (ERROR_MSG='Order Failed to Process in ABACUS. Check in ABACUS for Failure Reason (GSCM.omreliability.trx@dell.com)'),ABACUS,GAYATHRI,
Order Failed to Process in OCI. Check in OCI for Failure Reason (ERROR_MSG='Order Failed to Process in ABACUS. Check in ABACUS for Failure Reason (GSCM.omreliability.trx@dell.com)'),ABACUS,GAYATHRI,
Order Failed to Process in OCI. Check in OCI for Failure Reason (ERROR_MSG='Order Failed to Process in ABACUS. Check in ABACUS for Failure Reason (GSCM.omreliability.trx@dell.com)'),ABACUS,GAYATHRI,
Order Failed to Process in OCI. Check in OCI for Failure Reason (ERROR_MSG='Order Failed to Process in ABACUS. Check in ABACUS for Failure Reason (GSCM.omreliability.trx@dell.com)'),ABACUS,GAYATHRI,
Order Failed to Process in OCI. Check in OCI for Failure Reason (ERROR_MSG='Order Failed to Process in ABACUS. Check in ABACUS for Failure Reason (GSCM.omreliability.trx@dell.com)'),ABACUS,GAYATHRI,
Order Failed to Process in OCI. Check in OCI for Failure Reason (ERROR_MSG='Order Failed to Process in ABACUS. Check in ABACUS for Failure Reason (GSCM.omreliability.trx@dell.com)'),ABACUS,GAYATHRI,
Order Failed to Process in OCI. Check in OCI for Failure Reason (ERROR_MSG='Order Failed to Process in ABACUS. Check in ABACUS for Failure Reason (GSCM.omreliability.trx@dell.com)'),ABACUS,GAYATHRI,
Order Failed to Process in OCI. Check in OCI for Failure Reason (ERROR_MSG='Order Failed to Process in ABACUS. Check in ABACUS for Failure Reason (GSCM.omreliability.trx@dell.com)'),ABACUS,GAYATHRI,
Order Failed to Process in OCI. Check in OCI for Failure Reason (ERROR_MSG='Order Failed to Process in ABACUS. Check in ABACUS for Failure Reason (GSCM.omreliability.trx@dell.com)'),ABACUS,GAYATHRI,
Order Failed to Process in OCI. Check in OCI for Failure Reason (ERROR_MSG='Order Failed to Process in ABACUS. Check in ABACUS for Failure Reason (GSCM.omreliability.trx@dell.com)'),ABACUS,GAYATHRI,
Order Failed to Process in OCI. Check in OCI for Failure Reason (ERROR_MSG='Order Failed to Process in ABACUS. Check in ABACUS for Failure Reason (GSCM.omreliability.trx@dell.com)'),ABACUS,GAYATHRI,
Order Failed to Process in OCI. Check in OCI for Failure Reason (ERROR_MSG='Order Failed to Process in ABACUS. Check in ABACUS for Failure Reason (GSCM.omreliability.trx@dell.com)'),ABACUS,GAYATHRI,
Order Failed to Process in OCI. Check in OCI for Failure Reason (ERROR_MSG='Order Failed to Process in ABACUS. Check in ABACUS for Failure Reason (GSCM.omreliability.trx@dell.com)'),ABACUS,GAYATHRI,
Order Failed to Process in OCI. Check in OCI for Failure Reason (ERROR_MSG='Order Failed to Process in ABACUS. Check in ABACUS for Failure Reason (GSCM.omreliability.trx@dell.com)'),ABACUS,GAYATHRI,
Order Failed to Process in OCI. Check in OCI for Failure Reason (ERROR_MSG='Order Failed to Process in ABACUS. Check in ABACUS for Failure Reason (GSCM.omreliability.trx@dell.com)'),ABACUS,GAYATHRI,
Order Failed to Process in OCI. Check in OCI for Failure Reason (ERROR_MSG='Order Failed to Process in ABACUS. Check in ABACUS for Failure Reason (GSCM.omreliability.trx@dell.com)'),ABACUS,GAYATHRI,
Order Failed to Process in OCI. Check in OCI for Failure Reason (ERROR_MSG='Order Failed to Process in ABACUS. Check in ABACUS for Failure Reason (GSCM.omreliability.trx@dell.com)'),ABACUS,GAYATHRI,
Order Failed to Process in OCI. Check in OCI for Failure Reason (ERROR_MSG='Order Failed to Process in ABACUS. Check in ABACUS for Failure Reason (GSCM.omreliability.trx@dell.com)'),ABACUS,GAYATHRI,
Order Failed to Process in OCI. Check in OCI for Failure Reason (ERROR_MSG='Order Failed to Process in ABACUS. Check in ABACUS for Failure Reason (GSCM.omreliability.trx@dell.com)'),ABACUS,GAYATHRI,
Order Failed to Process in OCI. Check in OCI for Failure Reason (ERROR_MSG='Order Failed to Process in ABACUS. Check in ABACUS for Failure Reason (GSCM.omreliability.trx@dell.com)'),ABACUS,GAYATHRI,
Order Failed to Process in OCI. Check in OCI for Failure Reason (ERROR_MSG='Order Failed to Process in ABACUS. Check in ABACUS for Failure Reason (GSCM.omreliability.trx@dell.com)'),ABACUS,GAYATHRI,
Order Failed to Process in OCI. Check in OCI for Failure Reason (ERROR_MSG='Order Failed to Process in ABACUS. Check in ABACUS for Failure Reason (GSCM.omreliability.trx@dell.com)'),ABACUS,GAYATHRI,
Order Failed to Process in OCI. Check in OCI for Failure Reason (ERROR_MSG='Order Failed to Process in ABACUS. Check in ABACUS for Failure Reason (GSCM.omreliability.trx@dell.com)'),ABACUS,GAYATHRI,
Order Failed to Process in OCI. Check in OCI for Failure Reason (ERROR_MSG='Order Failed to Process in ABACUS. Check in ABACUS for Failure Reason (GSCM.omreliability.trx@dell.com)'),ABACUS,GAYATHRI,
Order Failed to Process in OCI. Check in OCI for Failure Reason (ERROR_MSG='Order Failed to Process in ABACUS. Check in ABACUS for Failure Reason (GSCM.omreliability.trx@dell.com)'),ABACUS,GAYATHRI,
Order Failed to Process in OCI. Check in OCI for Failure Reason (ERROR_MSG='Order Failed to Process in ABACUS. Check in ABACUS for Failure Reason (GSCM.omreliability.trx@dell.com)'),ABACUS,GAYATHRI,
Order Failed to Process in OCI. Check in OCI for Failure Reason (ERROR_MSG='Order Failed to Process in ABACUS. Check in ABACUS for Failure Reason (GSCM.omreliability.trx@dell.com)'),ABACUS,GAYATHRI,
Order Failed to Process in OCI. Check in OCI for Failure Reason (ERROR_MSG='Order Failed to Process in ABACUS. Check in ABACUS for Failure Reason (GSCM.omreliability.trx@dell.com)'),ABACUS,GAYATHRI,
Order Failed to Process in OCI. Check in OCI for Failure Reason (ERROR_MSG='Order Failed to Process in ABACUS. Check in ABACUS for Failure Reason (GSCM.omreliability.trx@dell.com)'),ABACUS,GAYATHRI,
Order Failed to Process in OCI. Check in OCI for Failure Reason (ERROR_MSG='Order Failed to Process in ABACUS. Check in ABACUS for Failure Reason (GSCM.omreliability.trx@dell.com)'),ABACUS,GAYATHRI,
Setup : Validation failed for Payment term for Payterm : &PAYTERM and Paycode : &PAYCODE (PAYMENT_TERM_CODE=32150) (PAY_CODE=R),OMEGA,Sangeeta Selvaraj,
Setup : Validation failed for Payment term for Payterm : &PAYTERM and Paycode : &PAYCODE (PAYMENT_TERM_CODE=31150) (PAY_CODE=R),OMEGA,Sangeeta Selvaraj,
"IT Exception: Order 1000025630 has been already imported
",OMCS,Uppuluri Harika,
"IT Exception: Order 1000025639 has been already imported
",OMCS,Uppuluri Harika,
"IT Exception: Order 1000025670 has been already imported
",OMCS,Uppuluri Harika,
"IT Exception: Order 1000025671 has been already imported
",OMCS,Uppuluri Harika,
"IT Exception: Order 294378980 has been already imported
",OMCS,Uppuluri Harika,
"IT Exception: Order 190050498 has been already imported
",OMCS,Uppuluri Harika,
"IT Exception: Order 1000024463 has been already imported
",OMCS,Uppuluri Harika,
"IT Exception: Order 1000024441 has been already imported
",OMCS,Uppuluri Harika,
"IT Exception: Order 1000024442 has been already imported
",OMCS,Uppuluri Harika,
"IT Exception: Order 1000024401 has been already imported
",OMCS,Uppuluri Harika,
"IT Exception: Order 1000024371 has been already imported
",OMCS,Uppuluri Harika,
"IT Exception: Order 1000024370 has been already imported
",OMCS,Uppuluri Harika,
"IT Exception: Order 1000024368 has been already imported
",OMCS,Uppuluri Harika,
"IT Exception: Order 1000024369 has been already imported
",OMCS,Uppuluri Harika,
"IT Exception: Order 1000024364 has been already imported
",OMCS,Uppuluri Harika,
"IT Exception: Order 1000024345 has been already imported
",OMCS,Uppuluri Harika,
"IT Exception: Order 1000024343 has been already imported
",OMCS,Uppuluri Harika,
"IT Exception: Order 1000024342 has been already imported
",OMCS,Uppuluri Harika,
"IT Exception: Order 1000024300 has been already imported
",OMCS,Uppuluri Harika,
"IT Exception: Order 190050489 has been already imported
",OMCS,Uppuluri Harika,
"IT Exception: Order 1000024170 has been already imported
",OMCS,Uppuluri Harika,
"IT Exception: Order 1000024170 has been already imported
",OMCS,Uppuluri Harika,
"IT Exception: Order 1000024170 has been already imported
",OMCS,Uppuluri Harika,
"IT Exception: Order 1000024046 has been already imported
",OMCS,Uppuluri Harika,
"IT Exception: Order 1000023825 has been already imported
",OMCS,Uppuluri Harika,
"IT Exception: Order 294401334 has been already imported
",OMCS,Uppuluri Harika,
"IT Exception: Order 1000021553 has been already imported
",OMCS,Uppuluri Harika,
"IT Exception: Order 1000021296 has been already imported
",OMCS,Uppuluri Harika,
"IT Exception: Order 1000021561 has been already imported
",OMCS,Uppuluri Harika,
"IT Exception: Order 1000014056 has been already imported
",OMCS,Uppuluri Harika,
"IT Exception: Order 1000021556 has been already imported
",OMCS,Uppuluri Harika,
"IT Exception: Order 1000016242 has been already imported
",OMCS,Uppuluri Harika,
"IT Exception: Order 293759633 has been already imported
",OMCS,Uppuluri Harika,
"IT Exception: Order 1000019172 has been already imported
",OMCS,Uppuluri Harika,
"IT Exception: Order 1000019179 has been already imported
",OMCS,Uppuluri Harika,
"IT Exception: Order 1000019203 has been already imported
",OMCS,Uppuluri Harika,
"IT Exception: Order 1000019190 has been already imported
",OMCS,Uppuluri Harika,
"IT Exception: Order 1000019263 has been already imported
",OMCS,Uppuluri Harika,
"IT Exception: Order 1000019178 has been already imported
",OMCS,Uppuluri Harika,
"IT Exception: Order 1000019177 has been already imported
",OMCS,Uppuluri Harika,
"IT Exception: Order 1000019191 has been already imported
",OMCS,Uppuluri Harika,
"IT Exception: Order 1000019204 has been already imported
",OMCS,Uppuluri Harika,
"IT Exception: Order 1000019224 has been already imported
",OMCS,Uppuluri Harika,
"IT Exception: Order 1000019214 has been already imported
",OMCS,Uppuluri Harika,
"IT Exception: Order 1000019169 has been already imported
",OMCS,Uppuluri Harika,
"IT Exception: Order 1000019236 has been already imported
",OMCS,Uppuluri Harika,
"IT Exception: Order 1000019180 has been already imported
",OMCS,Uppuluri Harika,
"IT Exception: Order 1000019189 has been already imported
",OMCS,Uppuluri Harika,
"IT Exception: Order 1000019201 has been already imported
",OMCS,Uppuluri Harika,
"IT Exception: Order 1000019223 has been already imported
",OMCS,Uppuluri Harika,
"IT Exception: Order 1000019212 has been already imported
",OMCS,Uppuluri Harika,
"IT Exception: Order 1000019170 has been already imported
",OMCS,Uppuluri Harika,
"IT Exception: Order 1000019249 has been already imported
",OMCS,Uppuluri Harika,
"IT Exception: Order 1000019192 has been already imported
",OMCS,Uppuluri Harika,
"IT Exception: Order 1000019181 has been already imported
",OMCS,Uppuluri Harika,
"IT Exception: Order 1000019207 has been already imported
",OMCS,Uppuluri Harika,
"IT Exception: Order 1000019219 has been already imported
",OMCS,Uppuluri Harika,
"IT Exception: Order 1000019241 has been already imported
",OMCS,Uppuluri Harika,
"IT Exception: Order 1000019229 has been already imported
",OMCS,Uppuluri Harika,
"IT Exception: Order 1000019261 has been already imported
",OMCS,Uppuluri Harika,
"IT Exception: Order 1000019183 has been already imported
",OMCS,Uppuluri Harika,
"IT Exception: Order 1000019176 has been already imported
",OMCS,Uppuluri Harika,
"IT Exception: Order 1000019244 has been already imported
",OMCS,Uppuluri Harika,
"IT Exception: Order 1000019200 has been already imported
",OMCS,Uppuluri Harika,
"IT Exception: Order 1000019175 has been already imported
",OMCS,Uppuluri Harika,
"IT Exception: Order 1000019260 has been already imported
",OMCS,Uppuluri Harika,
"IT Exception: Order 1000019188 has been already imported
",OMCS,Uppuluri Harika,
"IT Exception: Order 1000019182 has been already imported
",OMCS,Uppuluri Harika,
"IT Exception: Order 1000019202 has been already imported
",OMCS,Uppuluri Harika,
"IT Exception: Order 1000019257 has been already imported
",OMCS,Uppuluri Harika,
"IT Exception: Order 1000019248 has been already imported
",OMCS,Uppuluri Harika,
Inventory: Base SKU 210-BEBY does not exist in Chassis 45195 in global_bu_id 471,OMEGA,Chandrika Halvi,
Inventory: Base SKU 210-BCUR does not exist in Chassis 36070 in global_bu_id 98,OMEGA,Chandrika Halvi,
Inventory: Base SKU 210-BELX does not exist in Chassis 36933 in global_bu_id 96,OMEGA,Chandrika Halvi,
Inventory: Base SKU 210-AYBN does not exist in Chassis 38707 in global_bu_id 92,OMEGA,Chandrika Halvi,
Inventory: Base SKU 210-BDPK does not exist in Chassis 45175 in global_bu_id 249,OMEGA,Chandrika Halvi,
Inventory: Base SKU 210-BDPK does not exist in Chassis 45175 in global_bu_id 249,OMEGA,Chandrika Halvi,
Inventory: Base SKU 210-BDPK does not exist in Chassis 45175 in global_bu_id 249,OMEGA,Chandrika Halvi,
Inventory: Base SKU 210-BDSX does not exist in Chassis 45177 in global_bu_id 249,OMEGA,Chandrika Halvi,
Inventory: Base SKU 210-AIMQ does not exist in Chassis 46721 in global_bu_id 249,OMEGA,Chandrika Halvi,
Inventory: Base SKU 210-BDSX does not exist in Chassis 45177 in global_bu_id 249,OMEGA,Chandrika Halvi,
Inventory: Base SKU 210-AIMQ does not exist in Chassis 46721 in global_bu_id 249,OMEGA,Chandrika Halvi,
Inventory: Base SKU 210-BDSX does not exist in Chassis 45177 in global_bu_id 249,OMEGA,Chandrika Halvi,
Inventory: Base SKU 210-AIMQ does not exist in Chassis 46721 in global_bu_id 249,OMEGA,Chandrika Halvi,
Inventory: Base SKU 210-BDSX does not exist in Chassis 45177 in global_bu_id 249,OMEGA,Chandrika Halvi,
Inventory: Base SKU 210-AIMQ does not exist in Chassis 46721 in global_bu_id 249,OMEGA,Chandrika Halvi,
Inventory: Base SKU 210-BDSX does not exist in Chassis 45177 in global_bu_id 249,OMEGA,Chandrika Halvi,
Inventory: Base SKU 210-AIMQ does not exist in Chassis 46721 in global_bu_id 249,OMEGA,Chandrika Halvi,
Inventory: Base SKU 210-AIMQ does not exist in Chassis 46721 in global_bu_id 249,OMEGA,Chandrika Halvi,
Inventory: Base SKU 210-BDSX does not exist in Chassis 45177 in global_bu_id 249,OMEGA,Chandrika Halvi,
Inventory: Base SKU 210-BDSX does not exist in Chassis 45177 in global_bu_id 249,OMEGA,Chandrika Halvi,
Inventory: Base SKU 210-AIMQ does not exist in Chassis 46721 in global_bu_id 249,OMEGA,Chandrika Halvi,
Inventory: Base SKU 210-BDSX does not exist in Chassis 45177 in global_bu_id 249,OMEGA,Chandrika Halvi,
Inventory: Base SKU 210-AIMQ does not exist in Chassis 46721 in global_bu_id 249,OMEGA,Chandrika Halvi,
Inventory: Base SKU 210-AIMQ does not exist in Chassis 46721 in global_bu_id 249,OMEGA,Chandrika Halvi,
Inventory: Base SKU 210-BDSX does not exist in Chassis 45177 in global_bu_id 249,OMEGA,Chandrika Halvi,
Inventory: Base SKU 210-BDSX does not exist in Chassis 45177 in global_bu_id 249,OMEGA,Chandrika Halvi,
Inventory: Base SKU 210-AIMQ does not exist in Chassis 46721 in global_bu_id 249,OMEGA,Chandrika Halvi,
Inventory: Base SKU 210-AIMQ does not exist in Chassis 46721 in global_bu_id 249,OMEGA,Chandrika Halvi,
Inventory: Base SKU 210-BDSX does not exist in Chassis 45177 in global_bu_id 249,OMEGA,Chandrika Halvi,
Inventory: Base SKU 210-BDWL does not exist in Chassis 45102 in global_bu_id 249,OMEGA,Chandrika Halvi,
Inventory: Base SKU 210-BEBY does not exist in Chassis 45195 in global_bu_id 471,OMEGA,Chandrika Halvi,
Inventory: Base SKU 210-AYBN does not exist in Chassis 38707 in global_bu_id 100,OMEGA,Chandrika Halvi,
Inventory: Base SKU 210-AIMQ does not exist in Chassis 46721 in global_bu_id 249,OMEGA,Chandrika Halvi,
Inventory: Base SKU 210-BDSX does not exist in Chassis 45177 in global_bu_id 249,OMEGA,Chandrika Halvi,
Inventory: Base SKU 210-BFIM does not exist in Chassis 36239 in global_bu_id 96,OMEGA,Chandrika Halvi,
Inventory: Base SKU 210-AYNR does not exist in Chassis 49547 in global_bu_id 471,OMEGA,Chandrika Halvi,
Inventory: Base SKU 210-AYNR does not exist in Chassis 49547 in global_bu_id 471,OMEGA,Chandrika Halvi,
Inventory: Base SKU 210-AYNR does not exist in Chassis 49547 in global_bu_id 471,OMEGA,Chandrika Halvi,
Inventory: Base SKU 210-AYNR does not exist in Chassis 49547 in global_bu_id 471,OMEGA,Chandrika Halvi,
Inventory: Base SKU 210-AYNR does not exist in Chassis 49547 in global_bu_id 471,OMEGA,Chandrika Halvi,
Inventory: Base SKU 210-BFII does not exist in Chassis 36238 in global_bu_id 98,OMEGA,Chandrika Halvi,
Inventory: Base SKU 210-BGKH does not exist in Chassis 36944 in global_bu_id 94,OMEGA,Chandrika Halvi,
Inventory: Base SKU 210-BFII does not exist in Chassis 36238 in global_bu_id 98,OMEGA,Chandrika Halvi,
Inventory: Base SKU 210-AMRP does not exist in Chassis 32787 in global_bu_id 98,OMEGA,Chandrika Halvi,
Inventory: Base SKU 210-BDTV does not exist in Chassis 37026 in global_bu_id 98,OMEGA,Chandrika Halvi,
Inventory: Base SKU 210-BGMD does not exist in Chassis 36397 in global_bu_id 98,OMEGA,Chandrika Halvi,
Inventory: Base SKU 210-AMRP does not exist in Chassis 32787 in global_bu_id 98,OMEGA,Chandrika Halvi,
Inventory: Base SKU 210-BFGB does not exist in Chassis 36111 in global_bu_id 98,OMEGA,Chandrika Halvi,
Inventory: Base SKU 210-AMRP does not exist in Chassis 32787 in global_bu_id 98,OMEGA,Chandrika Halvi,
Inventory: Base SKU 210-BGMJ does not exist in Chassis 36420 in global_bu_id 98,OMEGA,Chandrika Halvi,
Inventory: Base SKU 210-BFII does not exist in Chassis 36238 in global_bu_id 98,OMEGA,Chandrika Halvi,
Inventory: Base SKU 210-AEUR does not exist in Chassis 32240 in global_bu_id 96,OMEGA,Chandrika Halvi,
Inventory: Base SKU 210-BDGS does not exist in Chassis 36117 in global_bu_id 96,OMEGA,Chandrika Halvi,
Inventory: Base SKU 210-BDGS does not exist in Chassis 36117 in global_bu_id 96,OMEGA,Chandrika Halvi,
Inventory: Base SKU 210-38718 does not exist in Chassis 20053 in global_bu_id 249,OMEGA,Chandrika Halvi,
Inventory: Base SKU 210-ALBP does not exist in Chassis 47231 in global_bu_id 249,OMEGA,Chandrika Halvi,
Inventory: Base SKU 210-ALBP does not exist in Chassis 47231 in global_bu_id 249,OMEGA,Chandrika Halvi,
Inventory: Base SKU 210-ALBP does not exist in Chassis 47231 in global_bu_id 249,OMEGA,Chandrika Halvi,
Inventory: Base SKU 210-ALBP does not exist in Chassis 47231 in global_bu_id 249,OMEGA,Chandrika Halvi,
Inventory: Base SKU 210-38718 does not exist in Chassis 20053 in global_bu_id 249,OMEGA,Chandrika Halvi,
Inventory: Base SKU 210-BFYX does not exist in Chassis 36323 in global_bu_id 98,OMEGA,Chandrika Halvi,
Inventory: Base SKU 210-BDGN does not exist in Chassis 36100 in global_bu_id 98,OMEGA,Chandrika Halvi,
Inventory: Base SKU 210-BGCI does not exist in Chassis 36353 in global_bu_id 98,OMEGA,Chandrika Halvi,
Inventory: Base SKU 210-BFYX does not exist in Chassis 36323 in global_bu_id 98,OMEGA,Chandrika Halvi,
Inventory: Base SKU 210-BGMJ does not exist in Chassis 36420 in global_bu_id 98,OMEGA,Chandrika Halvi,
Inventory: Base SKU 210-BGJV does not exist in Chassis 36400 in global_bu_id 98,OMEGA,Chandrika Halvi,
Inventory: Base SKU 210-BFIM does not exist in Chassis 36239 in global_bu_id 89,OMEGA,Chandrika Halvi,
Inventory: Base SKU 210-BFII does not exist in Chassis 36238 in global_bu_id 98,OMEGA,Chandrika Halvi,
Inventory: Base SKU 210-BGMD does not exist in Chassis 36397 in global_bu_id 98,OMEGA,Chandrika Halvi,
Inventory: Base SKU 210-BDGO does not exist in Chassis 36109 in global_bu_id 96,OMEGA,Chandrika Halvi,
Inventory: Base SKU 210-AEUR does not exist in Chassis 32240 in global_bu_id 96,OMEGA,Chandrika Halvi,
Inventory: Base SKU 210-BGMD does not exist in Chassis 36397 in global_bu_id 98,OMEGA,Chandrika Halvi,
Inventory: Base SKU 210-BFII does not exist in Chassis 36238 in global_bu_id 98,OMEGA,Chandrika Halvi,
Inventory: Base SKU 210-BBRX does not exist in Chassis 38961 in global_bu_id 96,OMEGA,Chandrika Halvi,
Inventory: Base SKU 210-BBRX does not exist in Chassis 38961 in global_bu_id 96,OMEGA,Chandrika Halvi,
Inventory: Base SKU 210-BDGV does not exist in Chassis 36109 in global_bu_id 91,OMEGA,Chandrika Halvi,
Inventory: Base SKU 210-BDGV does not exist in Chassis 36109 in global_bu_id 91,OMEGA,Chandrika Halvi,
Inventory: Base SKU 210-AYBN does not exist in Chassis 38707 in global_bu_id 102,OMEGA,Chandrika Halvi,
Inventory: Base SKU 210-BCUD does not exist in Chassis 36037 in global_bu_id 91,OMEGA,Chandrika Halvi,
Inventory: Base SKU 210-ABCT does not exist in Chassis 16065 in global_bu_id 93,OMEGA,Chandrika Halvi,
Inventory: Base SKU 210-AMRM does not exist in Chassis 32760 in global_bu_id 96,OMEGA,Chandrika Halvi,
Inventory: Base SKU 210-BGKH does not exist in Chassis 36944 in global_bu_id 94,OMEGA,Chandrika Halvi,
Inventory: Base SKU 210-AXWV does not exist in Chassis 38699 in global_bu_id 99,OMEGA,Chandrika Halvi,
Inventory: Base SKU 210-BGWL does not exist in Chassis 36430 in global_bu_id 85,OMEGA,Chandrika Halvi,
Inventory: Base SKU 210-BDPQ does not exist in Chassis 36059 in global_bu_id 93,OMEGA,Chandrika Halvi,
Inventory: Base SKU 210-BFIM does not exist in Chassis 36239 in global_bu_id 89,OMEGA,Chandrika Halvi,
Inventory: Base SKU 210-BFIM does not exist in Chassis 36239 in global_bu_id 96,OMEGA,Chandrika Halvi,
Inventory: Base SKU 210-AOSD does not exist in Chassis 47634 in global_bu_id 269,OMEGA,Chandrika Halvi,
Inventory: Base SKU 210-AOSD does not exist in Chassis 47634 in global_bu_id 269,OMEGA,Chandrika Halvi,
Inventory: Base SKU 210-AXZO does not exist in Chassis 49496 in global_bu_id 309,OMEGA,Chandrika Halvi,
Inventory: Base SKU 210-BFIM does not exist in Chassis 36239 in global_bu_id 96,OMEGA,Chandrika Halvi,
Inventory: Base SKU 210-AKZZ does not exist in Chassis 47146 in global_bu_id 429,OMEGA,Chandrika Halvi,
Inventory: Base SKU 210-BGFP does not exist in Chassis 36352 in global_bu_id 82,OMEGA,Chandrika Halvi,
Inventory: Base SKU 210-AEUS does not exist in Chassis 32240 in global_bu_id 94,OMEGA,Chandrika Halvi,
Inventory: Base SKU 210-BDES does not exist in Chassis 45904 in global_bu_id 269,OMEGA,Chandrika Halvi,
Inventory: Base SKU 210-BDBL does not exist in Chassis 45065 in global_bu_id 309,OMEGA,Chandrika Halvi,
Inventory: Base SKU 210-BDES does not exist in Chassis 45904 in global_bu_id 269,OMEGA,Chandrika Halvi,
Inventory: Base SKU 210-BFIM does not exist in Chassis 36239 in global_bu_id 89,OMEGA,Chandrika Halvi,
Inventory: Base SKU 210-BDDY does not exist in Chassis 45910 in global_bu_id 269,OMEGA,Chandrika Halvi,
Inventory: Base SKU 210-AOSD does not exist in Chassis 32913 in global_bu_id 94,OMEGA,Chandrika Halvi,
Inventory: Base SKU 210-BDVJ does not exist in Chassis 45159 in global_bu_id 309,OMEGA,Chandrika Halvi,
Inventory: Base SKU 210-BDVJ does not exist in Chassis 45159 in global_bu_id 309,OMEGA,Chandrika Halvi,
Inventory: Base SKU 210-AXWV does not exist in Chassis 38699 in global_bu_id 99,OMEGA,Chandrika Halvi,
Inventory: Base SKU 210-BDZW does not exist in Chassis 45159 in global_bu_id 489,OMEGA,Chandrika Halvi,
Inventory: Base SKU 210-BCOG does not exist in Chassis 36028 in global_bu_id 94,OMEGA,Chandrika Halvi,
Inventory: Base SKU 210-BCOG does not exist in Chassis 36028 in global_bu_id 94,OMEGA,Chandrika Halvi,
Inventory: Base SKU 210-ALBP does not exist in Chassis 47231 in global_bu_id 249,OMEGA,Chandrika Halvi,
Inventory: Base SKU 210-ALBP does not exist in Chassis 47231 in global_bu_id 249,OMEGA,Chandrika Halvi,
Inventory: Base SKU 210-38718 does not exist in Chassis 20053 in global_bu_id 249,OMEGA,Chandrika Halvi,
Inventory: Base SKU 210-BBDH does not exist in Chassis 49760 in global_bu_id 309,OMEGA,Chandrika Halvi,
Inventory: Base SKU 210-BCOG does not exist in Chassis 36028 in global_bu_id 94,OMEGA,Chandrika Halvi,
Inventory: Base SKU 210-BCSF does not exist in Chassis 47157 in global_bu_id 309,OMEGA,Chandrika Halvi,
Inventory: Base SKU 210-BBDH does not exist in Chassis 49760 in global_bu_id 309,OMEGA,Chandrika Halvi,
Inventory: Base SKU 210-BDOQ does not exist in Chassis 45906 in global_bu_id 269,OMEGA,Chandrika Halvi,
Inventory: Base SKU 210-BCOG does not exist in Chassis 36028 in global_bu_id 94,OMEGA,Chandrika Halvi,
Inventory: Base SKU 210-BCOG does not exist in Chassis 36028 in global_bu_id 94,OMEGA,Chandrika Halvi,
Inventory: Base SKU 210-BCOG does not exist in Chassis 36028 in global_bu_id 94,OMEGA,Chandrika Halvi,
Inventory: Base SKU 210-BCOG does not exist in Chassis 36028 in global_bu_id 94,OMEGA,Chandrika Halvi,
Inventory: Base SKU 210-BCOG does not exist in Chassis 36028 in global_bu_id 94,OMEGA,Chandrika Halvi,
Inventory: Base SKU 210-BBHF does not exist in Chassis 49764 in global_bu_id 309,OMEGA,Chandrika Halvi,
Inventory: Base SKU 210-BCSX does not exist in Chassis 45002 in global_bu_id 269,OMEGA,Chandrika Halvi,
Inventory: Base SKU 210-BCOG does not exist in Chassis 36028 in global_bu_id 94,OMEGA,Chandrika Halvi,
Inventory: Base SKU 210-BDOQ does not exist in Chassis 45906 in global_bu_id 309,OMEGA,Chandrika Halvi,
Inventory: Base SKU 210-BCTG does not exist in Chassis 45003 in global_bu_id 269,OMEGA,Chandrika Halvi,
Inventory: Base SKU 210-AZZN does not exist in Chassis 49937 in global_bu_id 229,OMEGA,Chandrika Halvi,
Inventory: Base SKU 210-AZZN does not exist in Chassis 49937 in global_bu_id 229,OMEGA,Chandrika Halvi,
Inventory: Base SKU 210-BBHF does not exist in Chassis 49764 in global_bu_id 309,OMEGA,Chandrika Halvi,
Inventory: Base SKU 210-BBHF does not exist in Chassis 49764 in global_bu_id 309,OMEGA,Chandrika Halvi,
Inventory: Base SKU 210-BEOQ does not exist in Chassis 36193 in global_bu_id 96,OMEGA,Chandrika Halvi,
Inventory: Base SKU 210-BFRK does not exist in Chassis 36301 in global_bu_id 96,OMEGA,Chandrika Halvi,
Inventory: Base SKU 210-BBQD does not exist in Chassis 38937 in global_bu_id 96,OMEGA,Chandrika Halvi,
Inventory: Base SKU 210-AZGS does not exist in Chassis 38803 in global_bu_id 96,OMEGA,Chandrika Halvi,
Inventory: Base SKU 210-BDVI does not exist in Chassis 36157 in global_bu_id 96,OMEGA,Chandrika Halvi,
Inventory: Base SKU 210-BBQV does not exist in Chassis 38936 in global_bu_id 96,OMEGA,Chandrika Halvi,
Inventory: Base SKU 210-BEOQ does not exist in Chassis 36193 in global_bu_id 96,OMEGA,Chandrika Halvi,
Inventory: Base SKU 210-BBQD does not exist in Chassis 38937 in global_bu_id 96,OMEGA,Chandrika Halvi,
Inventory: Base SKU 210-AYNJ does not exist in Chassis 38735 in global_bu_id 93,OMEGA,Chandrika Halvi,
Inventory: Base SKU 210-BFIM does not exist in Chassis 36239 in global_bu_id 93,OMEGA,Chandrika Halvi,
Inventory: Base SKU 210-AYGW does not exist in Chassis 38952 in global_bu_id 96,OMEGA,Chandrika Halvi,
Inventory: Base SKU 210-ARIC does not exist in Chassis 48227 in global_bu_id 249,OMEGA,Chandrika Halvi,
Inventory: Base SKU 210-AJVL does not exist in Chassis 46971 in global_bu_id 249,OMEGA,Chandrika Halvi,
Inventory: Base SKU 210-AOSD does not exist in Chassis 32913 in global_bu_id 94,OMEGA,Chandrika Halvi,
Inventory: Base SKU 210-BCOG does not exist in Chassis 36028 in global_bu_id 94,OMEGA,Chandrika Halvi,
Inventory: Base SKU 210-38718 does not exist in Chassis 20053 in global_bu_id 249,OMEGA,Chandrika Halvi,
Inventory: Base SKU 210-BCOG does not exist in Chassis 36028 in global_bu_id 94,OMEGA,Chandrika Halvi,
Inventory: Base SKU 210-BDST does not exist in Chassis 36145 in global_bu_id 98,OMEGA,Chandrika Halvi,
Inventory: Base SKU 210-BFII does not exist in Chassis 36238 in global_bu_id 98,OMEGA,Chandrika Halvi,
Inventory: Base SKU 210-BCCE does not exist in Chassis 38974 in global_bu_id 98,OMEGA,Chandrika Halvi,
Inventory: Base SKU 210-AZZN does not exist in Chassis 38879 in global_bu_id 98,OMEGA,Chandrika Halvi,
Inventory: Base SKU 210-BDWQ does not exist in Chassis 36148 in global_bu_id 89,OMEGA,Chandrika Halvi,
Inventory: Base SKU 210-BBJI does not exist in Chassis 49787 in global_bu_id 249,OMEGA,Chandrika Halvi,
Inventory: Base SKU 210-AZZN does not exist in Chassis 49937 in global_bu_id 350,OMEGA,Chandrika Halvi,
Inventory: Base SKU 210-AZZN does not exist in Chassis 49937 in global_bu_id 350,OMEGA,Chandrika Halvi,
Inventory: Base SKU 210-BDZO does not exist in Chassis 45161 in global_bu_id 471,OMEGA,Chandrika Halvi,
Inventory: Base SKU 210-BDBL does not exist in Chassis 36102 in global_bu_id 96,OMEGA,Chandrika Halvi,
Inventory: Base SKU 210-AXNU does not exist in Chassis 38654 in global_bu_id 89,OMEGA,Chandrika Halvi,
Inventory: Base SKU 210-BDWQ does not exist in Chassis 36148 in global_bu_id 89,OMEGA,Chandrika Halvi,
Inventory: Base SKU 210-AYNR does not exist in Chassis 49547 in global_bu_id 309,OMEGA,Chandrika Halvi,
Inventory: Base SKU 210-BDVJ does not exist in Chassis 36120 in global_bu_id 92,OMEGA,Chandrika Halvi,
Inventory: Base SKU 210-BCSM does not exist in Chassis 45042 in global_bu_id 269,OMEGA,Chandrika Halvi,
Inventory: Base SKU 210-BCCE does not exist in Chassis 38974 in global_bu_id 96,OMEGA,Chandrika Halvi,
Inventory: Base SKU 210-AZYQ does not exist in Chassis 49845 in global_bu_id 229,OMEGA,Chandrika Halvi,
Inventory: Base SKU 210-AZYQ does not exist in Chassis 49845 in global_bu_id 229,OMEGA,Chandrika Halvi,
Inventory: Base SKU 210-BDOQ does not exist in Chassis 45906 in global_bu_id 269,OMEGA,Chandrika Halvi,
Inventory: Base SKU 210-BCYV does not exist in Chassis 45901 in global_bu_id 471,OMEGA,Chandrika Halvi,
Inventory: Base SKU 210-AXWV does not exist in Chassis 38699 in global_bu_id 99,OMEGA,Chandrika Halvi,
Inventory: Base SKU 210-BDZW does not exist in Chassis 45159 in global_bu_id 489,OMEGA,Chandrika Halvi,
Inventory: Base SKU 210-BDST does not exist in Chassis 45988 in global_bu_id 289,OMEGA,Chandrika Halvi,
Inventory: Base SKU 210-AXWV does not exist in Chassis 38699 in global_bu_id 99,OMEGA,Chandrika Halvi,
Inventory: Base SKU 210-BDZW does not exist in Chassis 45159 in global_bu_id 489,OMEGA,Chandrika Halvi,
Inventory: Base SKU 210-BCOG does not exist in Chassis 36028 in global_bu_id 94,OMEGA,Chandrika Halvi,
Inventory: Base SKU 210-BBSX does not exist in Chassis 38956 in global_bu_id 96,OMEGA,Chandrika Halvi,
Inventory: Base SKU 210-BDZW does not exist in Chassis 45159 in global_bu_id 489,OMEGA,Chandrika Halvi,
Inventory: Base SKU 210-AXWV does not exist in Chassis 38699 in global_bu_id 99,OMEGA,Chandrika Halvi,
Inventory: Base SKU 210-BDZW does not exist in Chassis 45159 in global_bu_id 489,OMEGA,Chandrika Halvi,
Inventory: Base SKU 210-BCOG does not exist in Chassis 36028 in global_bu_id 94,OMEGA,Chandrika Halvi,
Inventory: Base SKU 210-BCOG does not exist in Chassis 36028 in global_bu_id 94,OMEGA,Chandrika Halvi,
Inventory: Base SKU 210-ALEJ does not exist in Chassis 32673 in global_bu_id 96,OMEGA,Chandrika Halvi,
Inventory: Base SKU 210-AXWV does not exist in Chassis 38699 in global_bu_id 99,OMEGA,Chandrika Halvi,
Inventory: Base SKU 210-BDZW does not exist in Chassis 45159 in global_bu_id 489,OMEGA,Chandrika Halvi,
Inventory: Base SKU 210-BDZW does not exist in Chassis 45159 in global_bu_id 489,OMEGA,Chandrika Halvi,
Inventory: Base SKU 210-BDZW does not exist in Chassis 45159 in global_bu_id 489,OMEGA,Chandrika Halvi,
Inventory: Base SKU 210-BDZW does not exist in Chassis 45159 in global_bu_id 489,OMEGA,Chandrika Halvi,
Inventory: Base SKU 210-AXWV does not exist in Chassis 38699 in global_bu_id 99,OMEGA,Chandrika Halvi,
Inventory: Base SKU 210-AXWV does not exist in Chassis 38699 in global_bu_id 99,OMEGA,Chandrika Halvi,
Inventory: Base SKU 210-BDZW does not exist in Chassis 45159 in global_bu_id 489,OMEGA,Chandrika Halvi,
Inventory: Base SKU 210-AXWV does not exist in Chassis 38699 in global_bu_id 99,OMEGA,Chandrika Halvi,
Inventory: Base SKU 210-AZZN does not exist in Chassis 38879 in global_bu_id 98,OMEGA,Chandrika Halvi,
Inventory: Base SKU 210-BFIM does not exist in Chassis 36239 in global_bu_id 98,OMEGA,Chandrika Halvi,
Inventory: Base SKU 210-BDIF does not exist in Chassis 36110 in global_bu_id 90,OMEGA,Chandrika Halvi,
Inventory: Base SKU 210-AXUJ does not exist in Chassis 38478 in global_bu_id 96,OMEGA,Chandrika Halvi,
Inventory: Base SKU 210-BDZW does not exist in Chassis 45159 in global_bu_id 489,OMEGA,Chandrika Halvi,
Inventory: Base SKU 210-AXWV does not exist in Chassis 38699 in global_bu_id 99,OMEGA,Chandrika Halvi,
Inventory: Base SKU 210-BCRG does not exist in Chassis 45045 in global_bu_id 471,OMEGA,Chandrika Halvi,
Inventory: Base SKU 210-AYBB does not exist in Chassis 49497 in global_bu_id 629,OMEGA,Chandrika Halvi,
Inventory: Base SKU 210-AXWV does not exist in Chassis 38699 in global_bu_id 99,OMEGA,Chandrika Halvi,
Inventory: Base SKU 210-BDZW does not exist in Chassis 45159 in global_bu_id 489,OMEGA,Chandrika Halvi,
Inventory: Base SKU 210-AXWV does not exist in Chassis 38699 in global_bu_id 99,OMEGA,Chandrika Halvi,
Inventory: Base SKU 210-BDZW does not exist in Chassis 45159 in global_bu_id 489,OMEGA,Chandrika Halvi,
Inventory: Base SKU 210-38718 does not exist in Chassis 20053 in global_bu_id 249,OMEGA,Chandrika Halvi,
Inventory: Base SKU 210-BBUG does not exist in Chassis 49882 in global_bu_id 269,OMEGA,Chandrika Halvi,
Inventory: Base SKU 210-BCPU does not exist in Chassis 36049 in global_bu_id 90,OMEGA,Chandrika Halvi,
Inventory: Base SKU 210-AYRD does not exist in Chassis 38747 in global_bu_id 96,OMEGA,Chandrika Halvi,
Inventory: Base SKU 210-BCCE does not exist in Chassis 38974 in global_bu_id 96,OMEGA,Chandrika Halvi,
Inventory: Base SKU 210-AXWV does not exist in Chassis 38699 in global_bu_id 99,OMEGA,Chandrika Halvi,
Inventory: Base SKU 210-AXWV does not exist in Chassis 38699 in global_bu_id 99,OMEGA,Chandrika Halvi,
Inventory: Base SKU 210-BDZW does not exist in Chassis 45159 in global_bu_id 489,OMEGA,Chandrika Halvi,
Inventory: Base SKU 210-BDZW does not exist in Chassis 45159 in global_bu_id 489,OMEGA,Chandrika Halvi,
Inventory: Base SKU 210-BDZW does not exist in Chassis 45159 in global_bu_id 489,OMEGA,Chandrika Halvi,
Inventory: Base SKU 210-BDGP does not exist in Chassis 45117 in global_bu_id 269,OMEGA,Chandrika Halvi,
Inventory: Base SKU 210-BDZW does not exist in Chassis 45159 in global_bu_id 489,OMEGA,Chandrika Halvi,
Inventory: Base SKU 210-AXWV does not exist in Chassis 38699 in global_bu_id 99,OMEGA,Chandrika Halvi,
Inventory: Base SKU 210-BDZW does not exist in Chassis 45159 in global_bu_id 489,OMEGA,Chandrika Halvi,
Inventory: Base SKU 210-BDZW does not exist in Chassis 45159 in global_bu_id 489,OMEGA,Chandrika Halvi,
Inventory: Base SKU 210-BDZW does not exist in Chassis 45159 in global_bu_id 489,OMEGA,Chandrika Halvi,
Inventory: Base SKU 210-AWTI does not exist in Chassis 38581 in global_bu_id 96,OMEGA,Chandrika Halvi,
Inventory: Base SKU 210-BDZW does not exist in Chassis 45159 in global_bu_id 489,OMEGA,Chandrika Halvi,
"IT Exception: No Base SKU found in the Tie 1
",OMCS,Uppuluri Harika,
"IT Exception: No Base SKU found in the Tie 1
",OMCS,Uppuluri Harika,
"IT Exception: No Base SKU found in the Tie 1
",OMCS,Uppuluri Harika,
"IT Exception: No Base SKU found in the Tie 1
",OMCS,Uppuluri Harika,
"IT Exception: No Base SKU found in the Tie 1
",OMCS,Uppuluri Harika,
"IT Exception: No Base SKU found in the Tie 1
",OMCS,Uppuluri Harika,
"IT Exception: No Base SKU found in the Tie 1
",OMCS,Uppuluri Harika,
"IT Exception: No Base SKU found in the Tie 1
",OMCS,Uppuluri Harika,
"IT Exception: No Base SKU found in the Tie 1
",OMCS,Uppuluri Harika,
"IT Exception: No Base SKU found in the Tie 1
",OMCS,Uppuluri Harika,
"IT Exception: No Base SKU found in the Tie 1
",OMCS,Uppuluri Harika,
"IT Exception: No Base SKU found in the Tie 1
",OMCS,Uppuluri Harika,
"IT Exception: No Base SKU found in the Tie 1
",OMCS,Uppuluri Harika,
Generic IT Exception: Order 1000025871 can't be booked.,OMEGA,Marcos Martini,
Generic IT Exception: Order 1000025838 can't be booked.,OMEGA,Marcos Martini,
Generic IT Exception: Order 1000025867 can't be booked.,OMEGA,Marcos Martini,
Generic IT Exception: Order 1000025857 can't be booked.,OMEGA,Marcos Martini,
Generic IT Exception: Order 1000025845 can't be booked.,OMEGA,Marcos Martini,
Generic IT Exception: Order 1000025649 can't be booked.,OMEGA,Marcos Martini,
Generic IT Exception: Order 1000025812 can't be booked.,OMEGA,Marcos Martini,
Generic IT Exception: Order 1000025810 can't be booked.,OMEGA,Marcos Martini,
Generic IT Exception: Order 1000025809 can't be booked.,OMEGA,Marcos Martini,
Generic IT Exception: Order 1000025806 can't be booked.,OMEGA,Marcos Martini,
Generic IT Exception: Order 1000025804 can't be booked.,OMEGA,Marcos Martini,
Generic IT Exception: Order 1000025803 can't be booked.,OMEGA,Marcos Martini,
Generic IT Exception: Order 1000025792 can't be booked.,OMEGA,Marcos Martini,
Generic IT Exception: Order 1000025791 can't be booked.,OMEGA,Marcos Martini,
Generic IT Exception: Order 1000025785 can't be booked.,OMEGA,Marcos Martini,
Generic IT Exception: Order 1000025774 can't be booked.,OMEGA,Marcos Martini,
Generic IT Exception: Order 1000025768 can't be booked.,OMEGA,Marcos Martini,
Generic IT Exception: Order 1000025741 can't be booked.,OMEGA,Marcos Martini,
Generic IT Exception: Order 1000025759 can't be booked.,OMEGA,Marcos Martini,
Generic IT Exception: Order 1000025752 can't be booked.,OMEGA,Marcos Martini,
Generic IT Exception: Order 1000025737 can't be booked.,OMEGA,Marcos Martini,
Generic IT Exception: Order 1000025729 can't be booked.,OMEGA,Marcos Martini,
Generic IT Exception: Order 1000025724 can't be booked.,OMEGA,Marcos Martini,
Generic IT Exception: Order 1000025712 can't be booked.,OMEGA,Marcos Martini,
Generic IT Exception: Order 1000025677 can't be booked.,OMEGA,Marcos Martini,
Generic IT Exception: Order 1000025680 can't be booked.,OMEGA,Marcos Martini,
Generic IT Exception: Order 1000025679 can't be booked.,OMEGA,Marcos Martini,
Generic IT Exception: Order 1000025372 can't be booked.,OMEGA,Marcos Martini,
Generic IT Exception: Order 294406515 can't be booked.,OMEGA,Marcos Martini,
Generic IT Exception: Order 294379183 can't be booked.,OMEGA,Marcos Martini,
Generic IT Exception: Order 294378888 can't be booked.,OMEGA,Marcos Martini,
Generic IT Exception: Order 294378870 can't be booked.,OMEGA,Marcos Martini,
Generic IT Exception: Order 294378862 can't be booked.,OMEGA,Marcos Martini,
Generic IT Exception: Order 630148826 can't be booked.,OMEGA,Marcos Martini,
Generic IT Exception: Order 630148808 can't be booked.,OMEGA,Marcos Martini,
Generic IT Exception: Order 293828552 can't be booked.,OMEGA,Marcos Martini,
Generic IT Exception: Order 1000013541 can't be booked.,OMEGA,Marcos Martini,
Generic IT Exception: Order 1000013542 can't be booked.,OMEGA,Marcos Martini,
Generic IT Exception: Order 1000013533 can't be booked.,OMEGA,Marcos Martini,
Generic IT Exception: Order 300102981 can't be booked.,OMEGA,Marcos Martini,
Generic IT Exception: Order 740120734 can't be booked.,OMEGA,Marcos Martini,
Generic IT Exception: Order 740120732 can't be booked.,OMEGA,Marcos Martini,
Generic IT Exception: Order 293799415 can't be booked.,OMEGA,Marcos Martini,
Generic IT Exception: Order 740120730 can't be booked.,OMEGA,Marcos Martini,
Generic IT Exception: Order 740120731 can't be booked.,OMEGA,Marcos Martini,
Generic IT Exception: Order 740120725 can't be booked.,OMEGA,Marcos Martini,
Generic IT Exception: Order 740118536 can't be booked.,OMEGA,Marcos Martini,
Generic IT Exception: Order 293791453 can't be booked.,OMEGA,Marcos Martini,
Generic IT Exception: Order 293791420 can't be booked.,OMEGA,Marcos Martini,
Generic IT Exception: Order 293791370 can't be booked.,OMEGA,Marcos Martini,
Generic IT Exception: Order 293791321 can't be booked.,OMEGA,Marcos Martini,
Generic IT Exception: Order 293791263 can't be booked.,OMEGA,Marcos Martini,
Generic IT Exception: Order 293790018 can't be booked.,OMEGA,Marcos Martini,
Generic IT Exception: Order 293789929 can't be booked.,OMEGA,Marcos Martini,
Generic IT Exception: Order 293789895 can't be booked.,OMEGA,Marcos Martini,
Generic IT Exception: Order 293789879 can't be booked.,OMEGA,Marcos Martini,
Generic IT Exception: Order 293789861 can't be booked.,OMEGA,Marcos Martini,
Generic IT Exception: Order 293789853 can't be booked.,OMEGA,Marcos Martini,
Generic IT Exception: Order 293789515 can't be booked.,OMEGA,Marcos Martini,
Generic IT Exception: Order 293789499 can't be booked.,OMEGA,Marcos Martini,
Generic IT Exception: Order 293789366 can't be booked.,OMEGA,Marcos Martini,
Generic IT Exception: Order 740117226 can't be booked.,OMEGA,Marcos Martini,
Generic IT Exception: Order 740117227 can't be booked.,OMEGA,Marcos Martini,
Generic IT Exception: Order 740117228 can't be booked.,OMEGA,Marcos Martini,
Generic IT Exception: Order 740117231 can't be booked.,OMEGA,Marcos Martini,
Generic IT Exception: Order 740117230 can't be booked.,OMEGA,Marcos Martini,
Generic IT Exception: Order 740117232 can't be booked.,OMEGA,Marcos Martini,
Generic IT Exception: Order 740117208 can't be booked.,OMEGA,Marcos Martini,
Generic IT Exception: Order 293788103 can't be booked.,OMEGA,Marcos Martini,
Generic IT Exception: Order 293789085 can't be booked.,OMEGA,Marcos Martini,
Generic IT Exception: Order 740117073 can't be booked.,OMEGA,Marcos Martini,
Generic IT Exception: Order 400165258 can't be booked.,OMEGA,Marcos Martini,
Generic IT Exception: Order 400165257 can't be booked.,OMEGA,Marcos Martini,
Generic IT Exception: Order 400165256 can't be booked.,OMEGA,Marcos Martini,
Generic IT Exception: Order 293788947 can't be booked.,OMEGA,Marcos Martini,
Generic IT Exception: Order 293788939 can't be booked.,OMEGA,Marcos Martini,
Generic IT Exception: Order 293788897 can't be booked.,OMEGA,Marcos Martini,
Generic IT Exception: Order 740116879 can't be booked.,OMEGA,Marcos Martini,
Generic IT Exception: Order 740116859 can't be booked.,OMEGA,Marcos Martini,
Generic IT Exception: Order 740116874 can't be booked.,OMEGA,Marcos Martini,
Generic IT Exception: Order 740116861 can't be booked.,OMEGA,Marcos Martini,
Generic IT Exception: Order 740116864 can't be booked.,OMEGA,Marcos Martini,
Generic IT Exception: Order 740116858 can't be booked.,OMEGA,Marcos Martini,
Generic IT Exception: Order 740116849 can't be booked.,OMEGA,Marcos Martini,
Generic IT Exception: Order 400165236 can't be booked.,OMEGA,Marcos Martini,
Generic IT Exception: Order 740113235 can't be booked.,OMEGA,Marcos Martini,
Generic IT Exception: Order 293766315 can't be booked.,OMEGA,Marcos Martini,
Generic IT Exception: Order 293766281 can't be booked.,OMEGA,Marcos Martini,
Generic IT Exception: Order 293765978 can't be booked.,OMEGA,Marcos Martini,
Generic IT Exception: Order 293765952 can't be booked.,OMEGA,Marcos Martini,
Generic IT Exception: Order 293765663 can't be booked.,OMEGA,Marcos Martini,
Generic IT Exception: Order 293765655 can't be booked.,OMEGA,Marcos Martini,
Generic IT Exception: Order 293765465 can't be booked.,OMEGA,Marcos Martini,
Generic IT Exception: Order 293765424 can't be booked.,OMEGA,Marcos Martini,
Generic IT Exception: Order 293765309 can't be booked.,OMEGA,Marcos Martini,
Generic IT Exception: Order 293765267 can't be booked.,OMEGA,Marcos Martini,
Generic IT Exception: Order 293765630 can't be booked.,OMEGA,Marcos Martini,
Generic IT Exception: Order 293765218 can't be booked.,OMEGA,Marcos Martini,
Generic IT Exception: Order 293765234 can't be booked.,OMEGA,Marcos Martini,
Generic IT Exception: Order 293765168 can't be booked.,OMEGA,Marcos Martini,
Generic IT Exception: Order 293764450 can't be booked.,OMEGA,Marcos Martini,
Generic IT Exception: Order 293764443 can't be booked.,OMEGA,Marcos Martini,
Generic IT Exception: Order 293764435 can't be booked.,OMEGA,Marcos Martini,
Generic IT Exception: Order 293764401 can't be booked.,OMEGA,Marcos Martini,
Generic IT Exception: Order 293764385 can't be booked.,OMEGA,Marcos Martini,
Generic IT Exception: Order 293764377 can't be booked.,OMEGA,Marcos Martini,
Generic IT Exception: Order 293764369 can't be booked.,OMEGA,Marcos Martini,
Generic IT Exception: Order 293764351 can't be booked.,OMEGA,Marcos Martini,
Generic IT Exception: Order 293764344 can't be booked.,OMEGA,Marcos Martini,
Generic IT Exception: Order 293764336 can't be booked.,OMEGA,Marcos Martini,
Generic IT Exception: Order 740099287 can't be booked.,OMEGA,Marcos Martini,
Generic IT Exception: Order 740099287 can't be booked.,OMEGA,Marcos Martini,
Generic IT Exception: Order 740085009 can't be booked.,OMEGA,Marcos Martini,
Generic IT Exception: Order 740087241 can't be booked.,OMEGA,Marcos Martini,
Generic IT Exception: Order 740087241 can't be booked.,OMEGA,Marcos Martini,
Generic IT Exception: Order 740098247 can't be booked.,OMEGA,Marcos Martini,
Generic IT Exception: Order 740098227 can't be booked.,OMEGA,Marcos Martini,
Generic IT Exception: Order 740098181 can't be booked.,OMEGA,Marcos Martini,
Generic IT Exception: Order 740098180 can't be booked.,OMEGA,Marcos Martini,
Generic IT Exception: Order 740098157 can't be booked.,OMEGA,Marcos Martini,
Generic IT Exception: Order 740098141 can't be booked.,OMEGA,Marcos Martini,
Generic IT Exception: Order 400165139 can't be booked.,OMEGA,Marcos Martini,
Generic IT Exception: Order 740087793 can't be booked.,OMEGA,Marcos Martini,
Generic IT Exception: Order 740097897 can't be booked.,OMEGA,Marcos Martini,
Generic IT Exception: Order 740097882 can't be booked.,OMEGA,Marcos Martini,
Generic IT Exception: Order 740097865 can't be booked.,OMEGA,Marcos Martini,
Generic IT Exception: Order 740097846 can't be booked.,OMEGA,Marcos Martini,
Generic IT Exception: Order 740097798 can't be booked.,OMEGA,Marcos Martini,
Generic IT Exception: Order 740097546 can't be booked.,OMEGA,Marcos Martini,
Generic IT Exception: Order 740097371 can't be booked.,OMEGA,Marcos Martini,
Generic IT Exception: Order 293510242 can't be booked.,OMEGA,Marcos Martini,
Generic IT Exception: Order 740097660 can't be booked.,OMEGA,Marcos Martini,
Generic IT Exception: Order 740097699 can't be booked.,OMEGA,Marcos Martini,
Generic IT Exception: Order 740097639 can't be booked.,OMEGA,Marcos Martini,
Generic IT Exception: Order 740097595 can't be booked.,OMEGA,Marcos Martini,
Generic IT Exception: Order 740087793 can't be booked.,OMEGA,Marcos Martini,
Generic IT Exception: Order 740087241 can't be booked.,OMEGA,Marcos Martini,
Generic IT Exception: Order 740087793 can't be booked.,OMEGA,Marcos Martini,
Generic IT Exception: Order 740087793 can't be booked.,OMEGA,Marcos Martini,
Generic IT Exception: Order 740087793 can't be booked.,OMEGA,Marcos Martini,
Generic IT Exception: Order 740096505 can't be booked.,OMEGA,Marcos Martini,
Generic IT Exception: Order 293504294 can't be booked.,OMEGA,Marcos Martini,
Generic IT Exception: Order 293490494 can't be booked.,OMEGA,Marcos Martini,
There was the API Create Cust Account Site error: No party site was found for ID null.,CIL,Suresh Krishna,
There was the API Creating customer account error: Value for category_code must be a value defined in lookup type CUSTOMER_CATEGORY.,CIL,Suresh Krishna,
There was the API Create Org Contact error: Column object_id must have a value.,CIL,Suresh Krishna,
There was the API Create Cust Site Use error: No customer account site was found for ID null.,CIL,Suresh Krishna,
"Unexpected error while inserting Sub status 1000001 into extention table for Customer x_cust_account_id = , x_cust_acct_site_id = .",CIL,Suresh Krishna,
There was the API Create Cust Account Site error: No party site was found for ID null.,CIL,Suresh Krishna,
There was the API Create Party Site error: Column party_id must have a value.,CIL,Suresh Krishna,
There was the API Create Cust Site Use error: No customer account site was found for ID null.,CIL,Suresh Krishna,
There was the API Create Org Contact error: Column object_id must have a value.,CIL,Suresh Krishna,
There was the API Creating customer account error: Value for category_code must be a value defined in lookup type CUSTOMER_CATEGORY.,CIL,Suresh Krishna,
There was the API Create Party Site error: Column party_id must have a value.,CIL,Suresh Krishna,
There was the API Create Cust Account Site error: No party site was found for ID null.,CIL,Suresh Krishna,
"Unexpected error while inserting Sub status 1000001 into extention table for Customer x_cust_account_id = , x_cust_acct_site_id = .",CIL,Suresh Krishna,
There was the API Create Cust Site Use error: No customer account site was found for ID null.,CIL,Suresh Krishna,
There was the API Create Org Contact error: Column object_id must have a value.,CIL,Suresh Krishna,
There was the API Creating customer account error: Value for category_code must be a value defined in lookup type CUSTOMER_CATEGORY.,CIL,Suresh Krishna,
"Unexpected error while inserting Sub status 1000001 into extention table for Customer x_cust_account_id = , x_cust_acct_site_id = .",CIL,Suresh Krishna,
There was the API Create Party Site error: Column party_id must have a value.,CIL,Suresh Krishna,
There was the API Create Party Site error: Column party_id must have a value.,CIL,Suresh Krishna,
There was the API Create Cust Account Site error: No party site was found for ID null.,CIL,Suresh Krishna,
"Unexpected error while inserting Sub status 1000001 into extention table for Customer x_cust_account_id = , x_cust_acct_site_id = .",CIL,Suresh Krishna,
There was the API Create Cust Site Use error: No customer account site was found for ID null.,CIL,Suresh Krishna,
There was the API Create Org Contact error: Column object_id must have a value.,CIL,Suresh Krishna,
There was the API Creating customer account error: Value for category_code must be a value defined in lookup type CUSTOMER_CATEGORY.,CIL,Suresh Krishna,
There was the API Create Party Site error: Column party_id must have a value.,CIL,Suresh Krishna,
There was the API Create Cust Account Site error: No party site was found for ID null.,CIL,Suresh Krishna,
"Unexpected error while inserting Sub status 1000003 into extention table for Customer x_cust_account_id = , x_cust_acct_site_id = .",CIL,Suresh Krishna,
There was the API Create Cust Site Use error: No customer account site was found for ID null.,CIL,Suresh Krishna,
There was the API Create Org Contact error: Column object_id must have a value.,CIL,Suresh Krishna,
There was the API Creating customer account error: Value for category_code must be a value defined in lookup type CUSTOMER_CATEGORY.,CIL,Suresh Krishna,
There was the API Creating customer account error: Value for category_code must be a value defined in lookup type CUSTOMER_CATEGORY.,CIL,Suresh Krishna,
There was the API Create Org Contact error: Column object_id must have a value.,CIL,Suresh Krishna,
There was the API Create Cust Site Use error: No customer account site was found for ID null.,CIL,Suresh Krishna,
"Unexpected error while inserting Sub status 1000003 into extention table for Customer x_cust_account_id = , x_cust_acct_site_id = .",CIL,Suresh Krishna,
There was the API Create Cust Account Site error: No party site was found for ID null.,CIL,Suresh Krishna,
There was the API Create Party Site error: Column party_id must have a value.,CIL,Suresh Krishna,
There was the API Creating customer account error: Value for category_code must be a value defined in lookup type CUSTOMER_CATEGORY.,CIL,Suresh Krishna,
There was the API Create Org Contact error: Column object_id must have a value.,CIL,Suresh Krishna,
There was the API Create Cust Site Use error: No customer account site was found for ID null.,CIL,Suresh Krishna,
"Unexpected error while inserting Sub status 1000003 into extention table for Customer x_cust_account_id = , x_cust_acct_site_id = .",CIL,Suresh Krishna,
There was the API Create Cust Account Site error: No party site was found for ID null.,CIL,Suresh Krishna,
There was the API Create Party Site error: Column party_id must have a value.,CIL,Suresh Krishna,
There was the API Create Org Contact error: Column object_id must have a value.,CIL,Suresh Krishna,
"Unexpected error while inserting Sub status 1000003 into extention table for Customer x_cust_account_id = , x_cust_acct_site_id = .",CIL,Suresh Krishna,
There was the API Creating customer account error: Value for category_code must be a value defined in lookup type CUSTOMER_CATEGORY.,CIL,Suresh Krishna,
There was the API Create Party Site error: Column party_id must have a value.,CIL,Suresh Krishna,
There was the API Create Cust Account Site error: No party site was found for ID null.,CIL,Suresh Krishna,
There was the API Create Cust Site Use error: No customer account site was found for ID null.,CIL,Suresh Krishna,
"Unexpected error while inserting Sub status 1000003 into extention table for Customer x_cust_account_id = , x_cust_acct_site_id = .",CIL,Suresh Krishna,
There was the API Create Cust Account Site error: No party site was found for ID null.,CIL,Suresh Krishna,
There was the API Create Party Site error: Column party_id must have a value.,CIL,Suresh Krishna,
There was the API Creating customer account error: Value for category_code must be a value defined in lookup type CUSTOMER_CATEGORY.,CIL,Suresh Krishna,
There was the API Create Org Contact error: Column object_id must have a value.,CIL,Suresh Krishna,
There was the API Create Cust Site Use error: No customer account site was found for ID null.,CIL,Suresh Krishna,
There was the API Create Org Contact error: Column object_id must have a value.,CIL,Suresh Krishna,
There was the API Create Cust Account Site error: No party site was found for ID null.,CIL,Suresh Krishna,
There was the API Create Party Site error: Column party_id must have a value.,CIL,Suresh Krishna,
There was the API Creating customer account error: Value for category_code must be a value defined in lookup type CUSTOMER_CATEGORY.,CIL,Suresh Krishna,
"Unexpected error while inserting Sub status 1000001 into extention table for Customer x_cust_account_id = , x_cust_acct_site_id = .",CIL,Suresh Krishna,
There was the API Create Cust Site Use error: No customer account site was found for ID null.,CIL,Suresh Krishna,
"Unexpected error while inserting Sub status 1000003 into extention table for Customer x_cust_account_id = , x_cust_acct_site_id = .",CIL,Suresh Krishna,
There was the API Create Cust Site Use error: No customer account site was found for ID null.,CIL,Suresh Krishna,
There was the API Create Org Contact error: Column object_id must have a value.,CIL,Suresh Krishna,
There was the API Creating customer account error: Value for category_code must be a value defined in lookup type CUSTOMER_CATEGORY.,CIL,Suresh Krishna,
There was the API Create Party Site error: Column party_id must have a value.,CIL,Suresh Krishna,
There was the API Create Cust Account Site error: No party site was found for ID null.,CIL,Suresh Krishna,
"Unexpected error while inserting Sub status 1000003 into extention table for Customer x_cust_account_id = , x_cust_acct_site_id = .",CIL,Suresh Krishna,
There was the API Create Cust Site Use error: No customer account site was found for ID null.,CIL,Suresh Krishna,
There was the API Create Org Contact error: Column object_id must have a value.,CIL,Suresh Krishna,
There was the API Creating customer account error: Value for category_code must be a value defined in lookup type CUSTOMER_CATEGORY.,CIL,Suresh Krishna,
There was the API Create Party Site error: Column party_id must have a value.,CIL,Suresh Krishna,
There was the API Create Cust Account Site error: No party site was found for ID null.,CIL,Suresh Krishna,
"Unexpected error while inserting Sub status 1000003 into extention table for Customer x_cust_account_id = , x_cust_acct_site_id = .",CIL,Suresh Krishna,
There was the API Create Cust Site Use error: No customer account site was found for ID null.,CIL,Suresh Krishna,
"Unexpected error while inserting Sub status 1000001 into extention table for Customer x_cust_account_id = , x_cust_acct_site_id = .",CIL,Suresh Krishna,
There was the API Create Party Site error: Column party_id must have a value.,CIL,Suresh Krishna,
There was the API Create Cust Site Use error: No customer account site was found for ID null.,CIL,Suresh Krishna,
There was the API Create Org Contact error: Column object_id must have a value.,CIL,Suresh Krishna,
There was the API Creating customer account error: Value for category_code must be a value defined in lookup type CUSTOMER_CATEGORY.,CIL,Suresh Krishna,
There was the API Create Org Contact error: Column object_id must have a value.,CIL,Suresh Krishna,
There was the API Creating customer account error: Value for category_code must be a value defined in lookup type CUSTOMER_CATEGORY.,CIL,Suresh Krishna,
There was the API Create Party Site error: Column party_id must have a value.,CIL,Suresh Krishna,
There was the API Create Cust Account Site error: No party site was found for ID null.,CIL,Suresh Krishna,
There was the API Create Party Site error: Column party_id must have a value.,CIL,Suresh Krishna,
There was the API Create Cust Account Site error: No party site was found for ID null.,CIL,Suresh Krishna,
There was the API Creating customer account error: Value for category_code must be a value defined in lookup type CUSTOMER_CATEGORY.,CIL,Suresh Krishna,
There was the API Create Cust Account Site error: No party site was found for ID null.,CIL,Suresh Krishna,
"Unexpected error while inserting Sub status 1000001 into extention table for Customer x_cust_account_id = , x_cust_acct_site_id = .",CIL,Suresh Krishna,
There was the API Create Cust Site Use error: No customer account site was found for ID null.,CIL,Suresh Krishna,
